ACTUEL;
ADIEUX;
NEW-YORK;
APOCALYPSE;
AXL;
BALLROOM;
BBC;
CADEAU;
CANDY;
COMEBACK;
CHRÉTIEN;CHRISTIAN
DAVID;
DEAH;DEATH
DÉBILO;
DEPRESS;
EPIQUE;EPIC
EX;
FAKE;
FANTAISIE;
FANS;
FAUSSEMENT;
FUN;
GENÈSE;
GENRE;
GLAUQUE;
GOTH;GOTHIC
GOTHIQUE;GOTHIC
HEATHEN;
HÉDO;
HEROIC;
HORRIFIQUE;
HYBRIDE	HYBRID;
IMPARABLE;
INDUS;INDUSTRIEL
INDUSTRIAL;INDUSTRIEL
INTUITIF;
J;JAPAN
LIGHT;
LIVE;
MAJESTUEUX;
MALADES;
MASSIVE;
MELTING;
MOITIÉ;
MOSH;
MOSHING;
MULTIPLE;
MUSIQUE;
NATIVE;
NEO;NÉO
NEUROSIS;
NEW;NÉO
NU;NÉO
OPÉRA;
PARFUM;
PIRATE;
PLUS;
POMPIER;
POUSSÉ;
PRÉ;
PRÉCIEUX;
PROGRESSIVE;PROGRESSIF
PROG;PROGRESSIF
PROTO;
PSEUDO;
PUCES;
PUISSANT;
RAMMSTEIN;
RE-;
REVIVAL;
RICHE;
RUSSIAN;
SAIGNANT;
SAMOURAI;
SAMOURAÏ;
SCHNAPPI;
SEXAGÉNAIRE;
SM;
SOFT;
SVART;
TAILLÉS;
TANTRIQUE;
TENDANCE;
THASH;THRASH
THE;
THRASHING;THRASH
TIQUES;
TIROIR;
TOO;
TROU;TRUE
VIEUX;
WORLD;
TOUFFU;
GABBA;
DERNIÈRE;
PROPRE;
INTELLIGENT;
ÉNERVÉ;
MALSAIN;
NOBLE;
BON;
POST-;POST
« IN YAR FACE »;